Valery,Putin
Alexei,Medvedev
Aleksandr,Kasyanov
Ivan,Fradkov
Wassili,Zubkov
Ilya,Yeltsin
Viktor,Ivanov
Oleg,Stepashin
Mikhail,Lukashenko
Anna,Tikhanov
Ivana,Vorontsov
Nikolai,Kravtsov
Vera,Pankratov
Alina,Grin
Nikita,Plotnikov
Vladimir,Brin
Dmitry,Sokolov
Vladislav,Kuznetsov
Boris,Lebedev
Olga,Volkov
Oksana,Morozov
Maxim,Sidorov
Maksim,Gusev
Svetlana,Baranov
Aleksandra,Belinsky
Jelena,Abramov
Evgeniy,Abramovich
Gleb,Golubev
Verushka,Nikitin
Tatjana,Gargarin
Anya,Dostoevsky
Fyodor,Smirnov
Yuri,Uranov
Viktoria,Razkolnikov
Aleksei,Sidorova
Nina,Gorbachev
Alina,Pavlov
Nikita,Uranova
Alisa,Putina
Polina,Grigorevich
Anatoly,Pavlova
Rada,Ivanova
Stanislav,Smirnova
Andrei,Kuznetsova
Yakov,Petrova
Maria,Petrov
Ihor,Popov
Elena,Popova
Aleks,Morozova
Alyona,Sokolova
Irina,Magomedov
Karina,Magomedova
Yulia,Shevchenko
Yelizaveta,Moranov
Adrik,Moranova
Alyosha,Vokov
Arseny,Trotzky
Daniil,Tolstoi
Dominik,Makarov
Grigory,Makarova
Kiril,Aliev
Leonid,Markov
Lev,Nikolaeva
Luka,Egorova
Marat,Egorov
Oleg,Nikolaev
Pavel,Alieva
Pyotr,Gordeev
Rudik,Orlova
Slavik,Orlov
Vasily,Frolov
Veniamin,Frolova
Vyacheslav,Kovalenko
Yegor,Andreev
Yevgeny,Platonov
Vadim,Antonov
Valentin,Antonova
Ulyana,Lavrov
Rodion,Chevchenko
Artem,Borisov
Wadim,Mishustin
Andrey,Zinichev
Aleksey,Daniilovich
Karenina,Karenina
Georgy,Khrushchev
Urvan,Kalinov
Simeon,Malenkov
Gideon,Brezhnev
Zavid,Bulganin
Arkadi,Melnikov
Konstantin,Matviyenko
Valentina,Torshin
Ljudmila,Mironov
Sasha,Yakovlev
Natalia,Cherkesov
Natasha,Poltavchenko
Daria,Klebanov
Vlada,Barkanov
Ksenia,Beglov
Valeriya,Kosigin
Arsenij,Morozov
Ekaterina,Semenov
Alyona,Novikov
Inessa,Golubev
Irina,Kotova
Danil,Gusev
Danila,Sobakin
Fedor,Utkin
Fyodr,Abdulov
Pavel,Semyonov
Timur,Bortnik
Leonid,Plotnikov
Artemy,Egorov
Rodion,Egorova
Semyon,Plotnikova
Anatoly,Voznesensky
Zakhar,Portnov
Spartak,Nikolaev
Osip,Chugunkin
Iosif,Melnik
Illarion,Kuznetskov
Georgij,Kuznetskova
Georgy,Kamen
Denis,Kotov
Gavriil,Ilyin
Gennadij,Pasternak
Luka,Ilyina
Mark,Stepanov
Marat,Rabinovich
Immanuil,Portnov
Rostislav,Makarova
Roman,Makarov
Samuil,Orlov
Ilya,Kuzmin
Ilia,Kuzmina
Vera,Orlova
Taisiya,Balakin
Tatiana,Devina
Polina,Vorobyev
Vasilisa,Vyatkin
Ulyana,Ustrashkin
Eva,Zima
Kira,Kamenev
Olga,Lebedev
Diana,Turgenev
Agata,Zorkin
Margosha,Abramov
Klementina,Preobrazhensky
Lidiya,Yurtaev
Vladlena,Nikolaeva
Zinaida,Zolotov
Sonechka,Babanin
Sasha,Babakirev
Raisa,Goncharov
Nadia,Chernychevsky
Oksana,Varkov
Nadya,Vasilev
Mila,Varkova
Ludmila,Vorobyev
Lev,Portnov
Luka,Ibragimov
Fedyenka,Gorky
Aleksis,Chaban
Misha,Borisyuk
Sasha,Artyomov
Aleksis,Aslananov
Pasha,Meknikov
Shura,Sobol
Artyom,Sokolov
Bogdan,Sorokin
Miroslav,Lukyanenko
Galina,Symonenko
Lyubov,Tereshchenko
Lyonechka,Fyodorovych
Rurik,Ogiyevich